{
  "timestamp": "2026-03-04 21:37:40",
  "environment": {
    "python": "3.13.12 (tags/v3.13.12:1cbe481, Feb  3 2026, 18:22:25) [MSC v.1944 64 bit (AMD64)]",
    "rust_core_available": true,
    "cwd": "C:\\Users\\-\\Desktop\\YildizGithub\\Aether-CC"
  },
  "rng": {
    "sample_bytes": 200000,
    "generation_time_s": 0.8061054999998305,
    "throughput_mbps_estimated": 0.7144062698630964,
    "latency_us_mean": 11.198110007535433,
    "latency_us_median": 3.800001650233753,
    "latency_us_p95": 8.499999239575118,
    "latency_us_min": 2.70000055024866,
    "latency_us_max": 5365.499999243184,
    "entropy_bits_per_byte": 7.999075640488487,
    "nist_frequency_p": 0.8125242693153686,
    "nist_runs_p": 0.22524872568103352,
    "chi_square_uniform_p": 0.45638442344462526,
    "lag1_autocorr": 0.001192810616857225,
    "passes_basic_randomness": true
  },
  "kem": {
    "trials": 1000,
    "success_rate": 1.0,
    "keygen_us_mean": 330.58610006264644,
    "keygen_us_median": 317.3000004608184,
    "encaps_us_mean": 340.24029992906435,
    "encaps_us_median": 327.3499996794271,
    "decaps_us_mean": 118.24730002808792,
    "decaps_us_median": 111.80000001331791,
    "keygen_us_p95": 370.9950000484241,
    "encaps_us_p95": 384.32500023191096,
    "decaps_us_p95": 139.6000006934628,
    "keygen_us_min": 305.30000003636815,
    "encaps_us_min": 316.400000883732,
    "decaps_us_min": 110.00000085914508,
    "keygen_us_max": 943.9999994356185,
    "encaps_us_max": 822.4000011978205,
    "decaps_us_max": 465.4000003938563
  }
}