{
  "timestamp": "2026-03-04 20:15:53",
  "environment": {
    "python": "3.13.12 (tags/v3.13.12:1cbe481, Feb  3 2026, 18:22:25) [MSC v.1944 64 bit (AMD64)]",
    "rust_core_available": true,
    "cwd": "C:\\Users\\-\\Desktop\\YildizGithub\\Aether-CC"
  },
  "rng": {
    "sample_bytes": 200000,
    "generation_time_s": 1.608100800000102,
    "throughput_mbps_estimated": 1.0853447253694923,
    "latency_us_mean": 7.370930003162357,
    "latency_us_median": 6.899999789311551,
    "latency_us_p95": 8.299999535665847,
    "latency_us_min": 4.800000169780105,
    "latency_us_max": 1136.900000346941,
    "entropy_bits_per_byte": 7.999075640488487,
    "nist_frequency_p": 0.8125242693153686,
    "nist_runs_p": 0.22524872568103352,
    "chi_square_uniform_p": 0.45638442344462526,
    "lag1_autocorr": 0.001192810616857225,
    "passes_basic_randomness": true
  },
  "kem": {
    "trials": 1000,
    "success_rate": 1.0,
    "keygen_us_mean": 47.50190000595467,
    "keygen_us_median": 46.30000057659345,
    "encaps_us_mean": 24.790899997242377,
    "encaps_us_median": 24.949999897216912,
    "decaps_us_mean": 22.209100015970762,
    "decaps_us_median": 20.09999980145949,
    "keygen_us_p95": 70.30000047052454,
    "encaps_us_p95": 38.57500014419202,
    "decaps_us_p95": 35.289999595988775,
    "keygen_us_min": 25.899999855028,
    "encaps_us_min": 13.799999578623101,
    "decaps_us_min": 12.800000149582047,
    "keygen_us_max": 1777.8999999791267,
    "encaps_us_max": 455.90000081574544,
    "decaps_us_max": 51.20000059832819
  }
}